Drg,data_1,data_2,data_3,data_4,data_5,mean_result
Drg0,0.7253456221198157,0.6995073891625616,0.5723684210526316,0.6639705882352941,0.45932539682539686,0.6241034834791399
Drg2,0.5736694677871148,0.527710843373494,0.6738816738816739,0.565018315018315,0.5431959345002823,0.576695246912176
Drg3,0.5789473684210527,0.3801169590643275,0.44999999999999996,0.4464285714285714,0.40831758034026466,0.45276209585084326
Drg50,0.6564465408805031,0.5311783107403545,0.6495204882301657,0.4239089184060721,0.650208986415883,0.5822526489345956
Drg52,0.7170758928571428,0.7249114521841794,0.7079124579124578,0.6600274725274725,0.6931818181818181,0.7006218187326143
Drg66,0.6552706552706552,0.5125,0.5714285714285715,0.7334558823529412,0.6280193236714976,0.6201348865447331
Drg67,0.7365967365967366,0.7034267912772586,0.8028070175438596,0.7580645161290323,0.7413419913419914,0.7484474105777758
Drg68,0.6105697151424287,0.5979314802844214,0.5726788432267884,0.5640699523052464,0.5343364197530863,0.5759172821423942
Drg69,0.6725967540574282,0.682716049382716,0.6966565349544073,0.5746031746031746,0.6736502820306204,0.6600445590056694
Drg84,0.5735009671179884,0.655719759168035,0.5902605459057072,0.5747202106649111,0.6405228758169934,0.606944871734727
Drg96,0.6600688468158348,0.8155172413793104,0.6171593366979092,0.6801075268817205,0.7212643678160919,0.6988234639181734
Drg97,0.6836503623188406,0.6943117672600956,0.6494633838383839,0.6477798624140088,0.5720601237842616,0.6494530999231181
Drg178,0.6339285714285714,0.7212121212121212,0.7219827586206896,0.5984848484848485,0.7085106382978723,0.6768237876088207
Drg179,0.7789566755083996,0.7627889352027283,0.6769041769041768,0.7521652231845436,0.6701176470588235,0.7281865315717344
Drg256,0.7065217391304348,0.6473149492017417,0.6535947712418301,0.4815384615384616,0.671875,0.6321689842224936
Drg259,0.5043108682452945,0.6042288557213931,0.5377774850141624,0.6373154362416107,0.6323195355880868,0.5831904361621094
Drg261,0.7075892857142858,0.7096924510717614,0.6569468267581474,0.7478632478632479,0.6786179921773142,0.7001419607169513
Drg262,0.6710526315789473,0.551948051948052,0.691553544494721,0.8021319120586275,0.6507760532150777,0.6734924386590851
Drg263,0.7248266296809986,0.5982683982683983,0.6216664540002552,0.7182250235087808,0.6135898601796066,0.6553152731276078
Drg309,0.5779569892473118,0.7066326530612245,0.67,0.6545454545454545,0.708204334365325,0.6634678862438632
